{"accident": 0, "africa": 1, "all": 2, "apple": 3, "basketball": 4, "bed": 5, "before": 6, "bird": 7, "birthday": 8, "black": 9, "blue": 10, "book": 11, "bowling": 12, "brown": 13, "but": 14, "can": 15, "candy": 16, "chair": 17, "change": 18, "cheat": 19, "city": 20, "clothes": 21, "color": 22, "computer": 23, "cook": 24, "cool": 25, "corn": 26, "cousin": 27, "cow": 28, "dance": 29, "dark": 30, "deaf": 31, "decide": 32, "doctor": 33, "dog": 34, "drink": 35, "eat": 36, "enjoy": 37, "family": 38, "fine": 39, "finish": 40, "fish": 41, "forget": 42, "full": 43, "give": 44, "go": 45, "graduate": 46, "hat": 47, "hearing": 48, "help": 49, "hot": 50, "how": 51, "jacket": 52, "kiss": 53, "language": 54, "last": 55, "later": 56, "letter": 57, "like": 58, "man": 59, "many": 60, "medicine": 61, "meet": 62, "mother": 63, "need": 64, "no": 65, "now": 66, "orange": 67, "paint": 68, "paper": 69, "pink": 70, "pizza": 71, "play": 72, "pull": 73, "purple": 74, "right": 75, "same": 76, "school": 77, "secretary": 78, "shirt": 79, "short": 80, "son": 81, "study": 82, "table": 83, "tall": 84, "tell": 85, "thanksgiving": 86, "thin": 87, "thursday": 88, "time": 89, "walk": 90, "want": 91, "what": 92, "white": 93, "who": 94, "woman": 95, "work": 96, "wrong": 97, "year": 98, "yes": 99}